,key,probability
0,4hqr_A_114,0.11846951
1,4hqr_A_116,0.069673546
2,4hqr_A_290,0.2944327
3,4hqr_A_100,0.05546728
4,4hqr_A_136,0.052828144
5,4hqr_A_139,0.033371978
6,4hqr_A_70,0.01065127
7,4hqr_A_186,0.4769398
